ID_ARTIKEL,LABEL
137,Olahraga
359,Olahraga
423,Olahraga
1203,Olahraga
1223,Olahraga
1440,Olahraga
1481,Olahraga
1612,Olahraga
1679,Olahraga
2013,Olahraga
2237,Olahraga
2246,Olahraga
2971,Olahraga
3340,Olahraga
3342,Olahraga
4016,Olahraga
4017,Olahraga
4042,Olahraga
4079,Olahraga
4083,Olahraga
4105,Olahraga
4109,Olahraga
4133,Olahraga
4136,Olahraga
4157,Olahraga
4159,Olahraga
4407,Olahraga
4492,Olahraga
4495,Olahraga
4501,Olahraga
4511,Olahraga
4585,Olahraga
4617,Olahraga
4620,Olahraga
4699,Olahraga
5193,Olahraga
5208,Olahraga
5336,Olahraga
5339,Olahraga
5851,Olahraga
5946,Olahraga
6017,Olahraga
6229,Olahraga
6233,Olahraga
6239,Olahraga
6243,Olahraga
6361,Olahraga
6391,Olahraga
6571,Olahraga
6602,Olahraga
6665,Olahraga
6678,Olahraga
6737,Olahraga
6766,Olahraga
6793,Olahraga
6797,Olahraga
7307,Olahraga
7418,Olahraga
7909,Olahraga
7935,Olahraga
7971,Olahraga
8413,Olahraga
8462,Olahraga
8495,Olahraga
9058,Olahraga
9274,Olahraga
9275,Olahraga
9353,Olahraga
9399,Olahraga
9405,Olahraga
9444,Olahraga
9466,Olahraga
9534,Olahraga
9877,Olahraga
10301,Olahraga
10344,Olahraga
10498,Olahraga
10739,Olahraga
11090,Olahraga
11293,Olahraga
12387,Olahraga
12873,Olahraga
13074,Olahraga
13181,Olahraga
13199,Olahraga
13346,Olahraga
13604,Olahraga
13616,Olahraga
13732,Olahraga
13943,Olahraga
14457,Olahraga
15188,Olahraga
15341,Olahraga
16393,Olahraga
16459,Hukum dan Kriminal
16476,Olahraga
16478,Olahraga
16619,Olahraga
16749,Olahraga
16757,Politik
17333,Olahraga
17771,Olahraga
17913,Olahraga
558,Hiburan
1465,Hiburan
2719,Hiburan
2826,Hiburan
3610,Hiburan
4252,Hiburan
4675,Hiburan
4735,Hiburan
4766,Hiburan
5166,Hiburan
5682,Hiburan
6223,Hukum dan Kriminal
6224,Hiburan
6706,Hiburan
6776,Hiburan
8026,Hiburan
8331,Hiburan
8493,Hiburan
8589,Hiburan
8834,Hiburan
8912,Hiburan
9033,Hiburan
9556,Hiburan
10994,Hiburan
11280,Hiburan
11795,Hiburan
12284,Hiburan
12676,Hiburan
12918,Hiburan
13072,Hiburan
13724,Hiburan
13819,Hiburan
14147,Hiburan
14469,Teknologi dan Sains
14959,Hiburan
15390,Hiburan
15428,Hiburan
15884,Hiburan
16003,Hiburan
16489,Hiburan
22791,Hiburan
25007,Hiburan
2476,Kesehatan
5344,Kesehatan
5574,Kesehatan
5632,Kesehatan
6758,Kesehatan
7205,Kesehatan
7329,Kesehatan
7489,Kesehatan
10602,Kesehatan
11980,Kesehatan
12828,Kesehatan
13688,Kesehatan
13931,Kesehatan
14511,Kesehatan
14988,Bencana dan Kecelakaan
17450,Kesehatan
1900,Teknologi dan Sains
5540,Teknologi dan Sains
8063,Teknologi dan Sains
10089,Kesehatan
10765,Teknologi dan Sains
10969,Teknologi dan Sains
11273,Kesehatan
15036,Teknologi dan Sains
15712,Teknologi dan Sains
16032,Teknologi dan Sains
1631,Teknologi dan Sains
2957,Teknologi dan Sains
6273,Teknologi dan Sains
7749,Teknologi dan Sains
8397,Teknologi dan Sains
11964,Teknologi dan Sains
14796,Teknologi dan Sains
987,Teknologi dan Sains
3765,Teknologi dan Sains
4656,Teknologi dan Sains
6983,Teknologi dan Sains
7477,Teknologi dan Sains
8427,Kesehatan
8573,Teknologi dan Sains
10270,Teknologi dan Sains
10721,Teknologi dan Sains
12318,Teknologi dan Sains
15343,Teknologi dan Sains
19823,Teknologi dan Sains
4052,Teknologi dan Sains
5745,Teknologi dan Sains
7659,Teknologi dan Sains
8904,Teknologi dan Sains
9929,Teknologi dan Sains
12759,Teknologi dan Sains
14372,Teknologi dan Sains
15071,Teknologi dan Sains
15619,Teknologi dan Sains
15895,Teknologi dan Sains
16484,Teknologi dan Sains
17760,Teknologi dan Sains
656,Teknologi dan Sains
690,Teknologi dan Sains
6136,Teknologi dan Sains
6769,Teknologi dan Sains
11103,Teknologi dan Sains
12996,Teknologi dan Sains
14810,Teknologi dan Sains
17327,Teknologi dan Sains
17950,Teknologi dan Sains
788,Teknologi dan Sains
1354,Teknologi dan Sains
2252,Teknologi dan Sains
3845,Teknologi dan Sains
4569,Teknologi dan Sains
4848,Teknologi dan Sains
5533,Teknologi dan Sains
5950,Teknologi dan Sains
6760,Teknologi dan Sains
7110,Teknologi dan Sains
7309,Teknologi dan Sains
7536,Teknologi dan Sains
9119,Teknologi dan Sains
9320,Teknologi dan Sains
10951,Teknologi dan Sains
11072,Teknologi dan Sains
11282,Teknologi dan Sains
11662,Teknologi dan Sains
11666,Teknologi dan Sains
13275,Teknologi dan Sains
13930,Teknologi dan Sains
14371,Teknologi dan Sains
14817,Teknologi dan Sains
17511,Teknologi dan Sains
17759,Teknologi dan Sains
701,Teknologi dan Sains
5646,Teknologi dan Sains
11610,Teknologi dan Sains
15804,Teknologi dan Sains
17674,Teknologi dan Sains
1019,Teknologi dan Sains
4685,Teknologi dan Sains
5595,Teknologi dan Sains
5929,Teknologi dan Sains
11878,Teknologi dan Sains
14469,Teknologi dan Sains
17394,Teknologi dan Sains
28117,Teknologi dan Sains
75,Teknologi dan Sains
5395,Teknologi dan Sains
5441,Teknologi dan Sains
6963,Teknologi dan Sains
8138,Teknologi dan Sains
8748,Teknologi dan Sains
10654,Teknologi dan Sains
10746,Teknologi dan Sains
11784,Teknologi dan Sains
11910,Teknologi dan Sains
17423,Teknologi dan Sains
5753,Teknologi dan Sains
32,Bencana dan Kecelakaan
56,Bencana dan Kecelakaan
489,Bencana dan Kecelakaan
644,Bencana dan Kecelakaan
967,Bencana dan Kecelakaan
1026,Bencana dan Kecelakaan
1066,Bencana dan Kecelakaan
1102,Bencana dan Kecelakaan
1123,Bencana dan Kecelakaan
1102,Bencana dan Kecelakaan
1626,Bencana dan Kecelakaan
1642,Bencana dan Kecelakaan
1796,Bencana dan Kecelakaan
1950,Bencana dan Kecelakaan
2243,Bencana dan Kecelakaan
2410,Bencana dan Kecelakaan
2711,Bencana dan Kecelakaan
2950,Bencana dan Kecelakaan
2952,Bencana dan Kecelakaan
3041,Bencana dan Kecelakaan
3350,Bencana dan Kecelakaan
3668,Bencana dan Kecelakaan
4309,Bencana dan Kecelakaan
6420,Kesehatan
6830,Bencana dan Kecelakaan
9532,Bencana dan Kecelakaan
9603,Bencana dan Kecelakaan
10772,Bencana dan Kecelakaan
10975,Bencana dan Kecelakaan
11029,Bencana dan Kecelakaan
15836,Bencana dan Kecelakaan
17611,Bencana dan Kecelakaan
17684,Bencana dan Kecelakaan
870,Bencana dan Kecelakaan
1350,Bencana dan Kecelakaan
1749,Hukum dan Kriminal
2451,Bencana dan Kecelakaan
2799,Bencana dan Kecelakaan
3375,Bencana dan Kecelakaan
3505,Bencana dan Kecelakaan
3761,Bencana dan Kecelakaan
5117,Bencana dan Kecelakaan
5578,Bencana dan Kecelakaan
5903,Bencana dan Kecelakaan
5910,Bencana dan Kecelakaan
6037,Bencana dan Kecelakaan
6149,Bencana dan Kecelakaan
8676,Bencana dan Kecelakaan
9095,Bencana dan Kecelakaan
10398,Bencana dan Kecelakaan
10921,Bencana dan Kecelakaan
13254,Bencana dan Kecelakaan
15951,Bencana dan Kecelakaan
17245,Bencana dan Kecelakaan
17283,Bencana dan Kecelakaan
70,Bencana dan Kecelakaan
89,Bencana dan Kecelakaan
97,Bencana dan Kecelakaan
127,Bencana dan Kecelakaan
1112,Bencana dan Kecelakaan
1228,Bencana dan Kecelakaan
1669,Bencana dan Kecelakaan
2809,Bencana dan Kecelakaan
3028,Bencana dan Kecelakaan
3032,Bencana dan Kecelakaan
3194,Bencana dan Kecelakaan
3377,Bencana dan Kecelakaan
3504,Bencana dan Kecelakaan
3515,Bencana dan Kecelakaan
3526,Bencana dan Kecelakaan
3751,Bencana dan Kecelakaan
3790,Bencana dan Kecelakaan
3822,Bencana dan Kecelakaan
4814,Bencana dan Kecelakaan
5056,Bencana dan Kecelakaan
5164,Bencana dan Kecelakaan
5447,Bencana dan Kecelakaan
5706,Bencana dan Kecelakaan
6469,Bencana dan Kecelakaan
6581,Bencana dan Kecelakaan
6863,Bencana dan Kecelakaan
8672,Bencana dan Kecelakaan
8729,Bencana dan Kecelakaan
8835,Bencana dan Kecelakaan
10023,Bencana dan Kecelakaan
10425,Bencana dan Kecelakaan
11345,Bencana dan Kecelakaan
13205,Bencana dan Kecelakaan
13727,Bencana dan Kecelakaan
15683,Bencana dan Kecelakaan
16349,Bencana dan Kecelakaan
16503,Bencana dan Kecelakaan
17828,Bencana dan Kecelakaan
1405,Bencana dan Kecelakaan
1580,Bencana dan Kecelakaan
3042,Bencana dan Kecelakaan
3370,Bencana dan Kecelakaan
3628,Bencana dan Kecelakaan
3959,Bencana dan Kecelakaan
5746,Bencana dan Kecelakaan
68,Bisnis dan Ekonomi
770,Bisnis dan Ekonomi
883,Bisnis dan Ekonomi
1024,Bisnis dan Ekonomi
1306,Bisnis dan Ekonomi
1444,Bisnis dan Ekonomi
1833,Bisnis dan Ekonomi
1901,Bisnis dan Ekonomi
2469,Bisnis dan Ekonomi
2848,Bisnis dan Ekonomi
2850,Bisnis dan Ekonomi
3106,Bisnis dan Ekonomi
3195,Hukum dan Kriminal
3984,Bisnis dan Ekonomi
4890,Bisnis dan Ekonomi
7120,Bisnis dan Ekonomi
7517,Bisnis dan Ekonomi
7518,Bisnis dan Ekonomi
11593,Bisnis dan Ekonomi
13076,Bisnis dan Ekonomi
15878,Bisnis dan Ekonomi
15905,Bisnis dan Ekonomi
17987,Bisnis dan Ekonomi
1122,Bisnis dan Ekonomi
1231,Bisnis dan Ekonomi
2973,Bisnis dan Ekonomi
4445,Bisnis dan Ekonomi
5155,Bisnis dan Ekonomi
5534,Bisnis dan Ekonomi
5904,Bisnis dan Ekonomi
7354,Bisnis dan Ekonomi
7897,Bisnis dan Ekonomi
7993,Bisnis dan Ekonomi
8022,Bisnis dan Ekonomi
8577,Bisnis dan Ekonomi
8582,Bisnis dan Ekonomi
8669,Bisnis dan Ekonomi
10083,Bisnis dan Ekonomi
10162,Bisnis dan Ekonomi
10484,Bisnis dan Ekonomi
10604,Bisnis dan Ekonomi
11214,Bisnis dan Ekonomi
12883,Bisnis dan Ekonomi
15298,Olahraga
17854,Bisnis dan Ekonomi
18010,Bisnis dan Ekonomi
1226,Bisnis dan Ekonomi
1636,Bisnis dan Ekonomi
2112,Bisnis dan Ekonomi
2221,Bisnis dan Ekonomi
2401,Bisnis dan Ekonomi
2505,Bisnis dan Ekonomi
2812,Bisnis dan Ekonomi
4274,Bisnis dan Ekonomi
5430,Bisnis dan Ekonomi
5477,Bisnis dan Ekonomi
5694,Bisnis dan Ekonomi
7039,Bisnis dan Ekonomi
7561,Bisnis dan Ekonomi
7772,Bisnis dan Ekonomi
9369,Bisnis dan Ekonomi
10014,Bisnis dan Ekonomi
10028,Bisnis dan Ekonomi
10476,Bisnis dan Ekonomi
10536,Bisnis dan Ekonomi
10678,Teknologi dan Sains
15081,Bisnis dan Ekonomi
15287,Bisnis dan Ekonomi
15305,Bisnis dan Ekonomi
17912,Bisnis dan Ekonomi
18882,Bisnis dan Ekonomi
838,Bisnis dan Ekonomi
1065,Bisnis dan Ekonomi
1236,Bisnis dan Ekonomi
1319,Bisnis dan Ekonomi
2057,Bisnis dan Ekonomi
2545,Bisnis dan Ekonomi
4882,Bisnis dan Ekonomi
5104,Bisnis dan Ekonomi
5519,Bisnis dan Ekonomi
5567,Bisnis dan Ekonomi
6987,Bisnis dan Ekonomi
7107,Bisnis dan Ekonomi
7525,Bisnis dan Ekonomi
7786,Bisnis dan Ekonomi
8027,Bisnis dan Ekonomi
8401,Bisnis dan Ekonomi
8777,Bisnis dan Ekonomi
11874,Bisnis dan Ekonomi
12058,Bisnis dan Ekonomi
12890,Bisnis dan Ekonomi
14105,Bisnis dan Ekonomi
14364,Bisnis dan Ekonomi
15030,Bisnis dan Ekonomi
17857,Bisnis dan Ekonomi
100,Bisnis dan Ekonomi
1151,Bisnis dan Ekonomi
2140,Bisnis dan Ekonomi
2190,Bisnis dan Ekonomi
2474,Bisnis dan Ekonomi
3,Pendidikan
5,Pendidikan
7,Pendidikan
9,Pendidikan
12,Pendidikan
16,Pendidikan
24,Pendidikan
26,Pendidikan
58,Bencana dan Kecelakaan
59,Pendidikan
134,Pendidikan
162,Pendidikan
163,Pendidikan
170,Pendidikan
235,Pendidikan
265,Pendidikan
295,Pendidikan
483,Pendidikan
492,Pendidikan
596,Pendidikan
597,Pendidikan
601,Pendidikan
603,Pendidikan
604,Pendidikan
609,Pendidikan
611,Pendidikan
633,Pendidikan
641,Pendidikan
694,Pendidikan
730,Pendidikan
745,Pendidikan
1150,Pendidikan
1254,Pendidikan
1277,Pendidikan
1550,Pendidikan
1898,Pendidikan
1957,Pendidikan
2532,Pendidikan
2563,Pendidikan
2585,Pendidikan
2891,Pendidikan
3172,Pendidikan
3189,Pendidikan
3196,Pendidikan
3634,Pendidikan
3885,Pendidikan
4821,Pendidikan
5393,Pendidikan
5741,Pendidikan
6168,Pendidikan
6526,Pendidikan
6802,Pendidikan
6950,Pendidikan
8032,Pendidikan
8642,Pendidikan
8833,Pendidikan
8985,Pendidikan
9408,Pendidikan
9530,Pendidikan
9564,Pendidikan
9930,Pendidikan
11466,Pendidikan
15485,Pendidikan
15646,Pendidikan
15715,Hiburan
15817,Pendidikan
15818,Pendidikan
15848,Pendidikan
15955,Pendidikan
559,Pendidikan
783,Pendidikan
1062,Pendidikan
1243,Pendidikan
1255,Pendidikan
1320,Pendidikan
1539,Pendidikan
2186,Pendidikan
2473,Pendidikan
2764,Pendidikan
2955,Pendidikan
3068,Pendidikan
3632,Pendidikan
4389,Pendidikan
4428,Pendidikan
4433,Pendidikan
4438,Pendidikan
5577,Pendidikan
5596,Pendidikan
6308,Pendidikan
7111,Pendidikan
7829,Pendidikan
8282,Pendidikan
8325,Pendidikan
8336,Pendidikan
8586,Pendidikan
8965,Pendidikan
9625,Pendidikan
9861,Pendidikan
11233,Pendidikan
12233,Pendidikan
153,Hukum dan Kriminal
725,Hukum dan Kriminal
834,Hukum dan Kriminal
884,Politik
890,Hukum dan Kriminal
922,Hukum dan Kriminal
1178,Hukum dan Kriminal
1268,Hukum dan Kriminal
1428,Hukum dan Kriminal
1937,Hukum dan Kriminal
2189,Pendidikan
2467,Hukum dan Kriminal
2529,Hukum dan Kriminal
2926,Hukum dan Kriminal
3005,Hukum dan Kriminal
3077,Hukum dan Kriminal
3562,Hukum dan Kriminal
3958,Hukum dan Kriminal
4314,Hukum dan Kriminal
4398,Hukum dan Kriminal
4401,Hukum dan Kriminal
4426,Politik
4427,Hukum dan Kriminal
4454,Pendidikan
4661,Hukum dan Kriminal
4745,Hukum dan Kriminal
4856,Hukum dan Kriminal
4951,Hukum dan Kriminal
5172,Hukum dan Kriminal
5211,Hukum dan Kriminal
5285,Hukum dan Kriminal
5392,Hukum dan Kriminal
5423,Hukum dan Kriminal
5588,Hukum dan Kriminal
5712,Hukum dan Kriminal
5758,Hukum dan Kriminal
5942,Hukum dan Kriminal
6068,Hukum dan Kriminal
6106,Hukum dan Kriminal
6315,Hukum dan Kriminal
6386,Politik
6392,Hukum dan Kriminal
6707,Hukum dan Kriminal
6757,Hukum dan Kriminal
6910,Hukum dan Kriminal
6968,Politik
7225,Hukum dan Kriminal
7251,Hukum dan Kriminal
7355,Hukum dan Kriminal
7365,Hukum dan Kriminal
7442,Hukum dan Kriminal
7456,Hukum dan Kriminal
7503,Hukum dan Kriminal
7505,Hukum dan Kriminal
7530,Hukum dan Kriminal
7623,Hukum dan Kriminal
7674,Hukum dan Kriminal
7713,Hukum dan Kriminal
7812,Hukum dan Kriminal
7815,Hukum dan Kriminal
8075,Hukum dan Kriminal
8113,Hukum dan Kriminal
8349,Hukum dan Kriminal
8426,Hukum dan Kriminal
8552,Hukum dan Kriminal
8643,Hukum dan Kriminal
8653,Hukum dan Kriminal
8735,Hukum dan Kriminal
8784,Hukum dan Kriminal
8823,Hukum dan Kriminal
8944,Hukum dan Kriminal
9021,Hukum dan Kriminal
9077,Hukum dan Kriminal
9289,Hukum dan Kriminal
9299,Hukum dan Kriminal
9363,Hukum dan Kriminal
9429,Hukum dan Kriminal
9589,Hukum dan Kriminal
9598,Hukum dan Kriminal
9868,Hukum dan Kriminal
9914,Hukum dan Kriminal
9972,Hukum dan Kriminal
9997,Hukum dan Kriminal
10006,Hukum dan Kriminal
10057,Hukum dan Kriminal
10224,Hukum dan Kriminal
10253,Hukum dan Kriminal
10284,Hukum dan Kriminal
10285,Hukum dan Kriminal
10294,Hukum dan Kriminal
10305,Hukum dan Kriminal
10323,Hukum dan Kriminal
10338,Bencana dan Kecelakaan
10480,Hukum dan Kriminal
10512,Hukum dan Kriminal
10626,Hukum dan Kriminal
10634,Hukum dan Kriminal
10781,Hukum dan Kriminal
10936,Hukum dan Kriminal
11007,Hukum dan Kriminal
11543,Hukum dan Kriminal
11588,Hukum dan Kriminal
11843,Hukum dan Kriminal
12015,Hukum dan Kriminal
12046,Hukum dan Kriminal
12113,Hukum dan Kriminal
12189,Hukum dan Kriminal
12210,Hukum dan Kriminal
12263,Hukum dan Kriminal
12464,Hukum dan Kriminal
12753,Hukum dan Kriminal
13312,Hukum dan Kriminal
14461,Hukum dan Kriminal
14466,Hukum dan Kriminal
15008,Hukum dan Kriminal
15279,Hukum dan Kriminal
15650,Hukum dan Kriminal
15669,Hukum dan Kriminal
15846,Hukum dan Kriminal
15954,Hukum dan Kriminal
16026,Hukum dan Kriminal
16282,Hukum dan Kriminal
17246,Hukum dan Kriminal
17319,Hukum dan Kriminal
17374,Hukum dan Kriminal
17414,Hukum dan Kriminal
17435,Hukum dan Kriminal
17799,Hukum dan Kriminal
17829,Hukum dan Kriminal
18345,Hukum dan Kriminal
18518,Hukum dan Kriminal
1029,Hukum dan Kriminal
1312,Hukum dan Kriminal
1335,Hukum dan Kriminal
1628,Hukum dan Kriminal
1791,Pendidikan
1904,Hukum dan Kriminal
2023,Pendidikan
2417,Bencana dan Kecelakaan
2455,Politik
2647,Hukum dan Kriminal
2679,Hukum dan Kriminal
2697,Hukum dan Kriminal
3890,Hukum dan Kriminal
4393,Hukum dan Kriminal
4575,Hukum dan Kriminal
4716,Hukum dan Kriminal
4736,Hukum dan Kriminal
4747,Hukum dan Kriminal
4833,Hukum dan Kriminal
4842,Politik
4847,Hukum dan Kriminal
4955,Hukum dan Kriminal
4960,Hukum dan Kriminal
4963,Hukum dan Kriminal
4965,Hukum dan Kriminal
5050,Hukum dan Kriminal
5108,Hukum dan Kriminal
5152,Hukum dan Kriminal
5262,Politik
5290,Hukum dan Kriminal
5398,Hukum dan Kriminal
5489,Hukum dan Kriminal
5501,Hukum dan Kriminal
5516,Pendidikan
5601,Hukum dan Kriminal
5605,Hukum dan Kriminal
5606,Hukum dan Kriminal
5700,Hukum dan Kriminal
5828,Hukum dan Kriminal
6065,Hukum dan Kriminal
6066,Hukum dan Kriminal
6145,Hukum dan Kriminal
6188,Hukum dan Kriminal
6205,Hukum dan Kriminal
6559,Hukum dan Kriminal
6708,Hukum dan Kriminal
6754,Bisnis dan Ekonomi
6875,Hukum dan Kriminal
6936,Hukum dan Kriminal
6980,Hukum dan Kriminal
7158,Politik
7497,Hukum dan Kriminal
7621,Hukum dan Kriminal
7657,Hukum dan Kriminal
7669,Hukum dan Kriminal
7670,Hukum dan Kriminal
7673,Hukum dan Kriminal
7753,Hukum dan Kriminal
7890,Hukum dan Kriminal
8071,Hukum dan Kriminal
8077,Hukum dan Kriminal
8078,Hukum dan Kriminal
8079,Politik
8417,Hukum dan Kriminal
8433,Hukum dan Kriminal
8492,Hukum dan Kriminal
8584,Hukum dan Kriminal
8599,Pendidikan
9481,Hukum dan Kriminal
9562,Hukum dan Kriminal
9597,Hukum dan Kriminal
9632,Hukum dan Kriminal
9687,Hukum dan Kriminal
9692,Hukum dan Kriminal
9933,Hukum dan Kriminal
9943,Hukum dan Kriminal
10085,Hukum dan Kriminal
10088,Hukum dan Kriminal
10123,Hukum dan Kriminal
10233,Hukum dan Kriminal
10411,Hukum dan Kriminal
10432,Hukum dan Kriminal
10440,Hukum dan Kriminal
10451,Hukum dan Kriminal
10534,Hukum dan Kriminal
10676,Hukum dan Kriminal
10771,Hukum dan Kriminal
11068,Bisnis dan Ekonomi
11150,Hukum dan Kriminal
11388,Bencana dan Kecelakaan
11393,Hukum dan Kriminal
11403,Hukum dan Kriminal
11406,Hukum dan Kriminal
11492,Hukum dan Kriminal
11546,Hukum dan Kriminal
11547,Bencana dan Kecelakaan
11561,Hukum dan Kriminal
11669,Hukum dan Kriminal
11672,Hukum dan Kriminal
11731,Hukum dan Kriminal
11951,Hukum dan Kriminal
11992,Hukum dan Kriminal
12105,Hukum dan Kriminal
12185,Hukum dan Kriminal
12186,Hukum dan Kriminal
12214,Hukum dan Kriminal
12220,Hukum dan Kriminal
12227,Hukum dan Kriminal
12260,Hukum dan Kriminal
12266,Hukum dan Kriminal
12282,Hukum dan Kriminal
12429,Hukum dan Kriminal
12802,Hukum dan Kriminal
12804,Hukum dan Kriminal
12809,Hukum dan Kriminal
12926,Hukum dan Kriminal
13085,Hukum dan Kriminal
13542,Hukum dan Kriminal
13641,Hukum dan Kriminal
14144,Hukum dan Kriminal
14339,Politik
14409,Hukum dan Kriminal
14515,Hukum dan Kriminal
15125,Hukum dan Kriminal
15127,Hukum dan Kriminal
15130,Hukum dan Kriminal
15652,Hukum dan Kriminal
16346,Hukum dan Kriminal
16401,Hukum dan Kriminal
16736,Pendidikan
16981,Hukum dan Kriminal
17680,Hukum dan Kriminal
17691,Hukum dan Kriminal
17896,Hukum dan Kriminal
17957,Hukum dan Kriminal
18395,Hukum dan Kriminal
18574,Hukum dan Kriminal
15,Hukum dan Kriminal
253,Hukum dan Kriminal
255,Hukum dan Kriminal
293,Hukum dan Kriminal
454,Hukum dan Kriminal
1149,Hukum dan Kriminal
1221,Hukum dan Kriminal
1556,Hukum dan Kriminal
1749,Hukum dan Kriminal
2058,Hukum dan Kriminal
2402,Hukum dan Kriminal
2473,Pendidikan
2606,Hukum dan Kriminal
2760,Hukum dan Kriminal
2764,Pendidikan
2858,Hukum dan Kriminal
2918,Hukum dan Kriminal
3029,Hukum dan Kriminal
3064,Hukum dan Kriminal
3676,Hukum dan Kriminal
5145,Hukum dan Kriminal
5266,Hukum dan Kriminal
5529,Hukum dan Kriminal
5563,Bencana dan Kecelakaan
5691,Hukum dan Kriminal
5710,Hukum dan Kriminal
5751,Hukum dan Kriminal
5879,Hukum dan Kriminal
5945,Hukum dan Kriminal
6074,Hukum dan Kriminal
6075,Hukum dan Kriminal
6096,Hukum dan Kriminal
6108,Hukum dan Kriminal
6144,Hukum dan Kriminal
6190,Hukum dan Kriminal
6556,Hukum dan Kriminal
6636,Hukum dan Kriminal
6913,Hukum dan Kriminal
7052,Hukum dan Kriminal
7187,Hukum dan Kriminal
7188,Hukum dan Kriminal
7232,Hukum dan Kriminal
7301,Hukum dan Kriminal
7302,Hukum dan Kriminal
7454,Hukum dan Kriminal
7567,Hukum dan Kriminal
7605,Hukum dan Kriminal
7606,Hukum dan Kriminal
7792,Hukum dan Kriminal
7808,Hukum dan Kriminal
7926,Hukum dan Kriminal
7960,Hukum dan Kriminal
7984,Hukum dan Kriminal
7985,Hukum dan Kriminal
7987,Hukum dan Kriminal
8017,Hukum dan Kriminal
8337,Hukum dan Kriminal
8494,Hukum dan Kriminal
8497,Hukum dan Kriminal
8521,Hukum dan Kriminal
8538,Hukum dan Kriminal
8678,Hukum dan Kriminal
8940,Hukum dan Kriminal
9049,Hukum dan Kriminal
9059,Hukum dan Kriminal
9088,Olahraga
9433,Hukum dan Kriminal
9559,Hukum dan Kriminal
10090,Hukum dan Kriminal
10092,Hukum dan Kriminal
10819,Hukum dan Kriminal
10999,Hukum dan Kriminal
11301,Politik
11519,Hukum dan Kriminal
11529,Sosial Budaya
11632,Hukum dan Kriminal
11639,Sosial Budaya
11792,Hukum dan Kriminal
11815,Hukum dan Kriminal
11833,Hukum dan Kriminal
11841,Hukum dan Kriminal
11962,Hukum dan Kriminal
11973,Hukum dan Kriminal
12088,Hukum dan Kriminal
12167,Teknologi dan Sains
12308,Hukum dan Kriminal
12349,Hukum dan Kriminal
12392,Hukum dan Kriminal
12426,Hukum dan Kriminal
12455,Hukum dan Kriminal
12738,Hukum dan Kriminal
13344,Hukum dan Kriminal
13597,Hukum dan Kriminal
13708,Hukum dan Kriminal
14224,Politik
15131,Hukum dan Kriminal
15272,Hukum dan Kriminal
15731,Hukum dan Kriminal
15943,Hukum dan Kriminal
15974,Pendidikan
16272,Hukum dan Kriminal
16758,Hukum dan Kriminal
17257,Hukum dan Kriminal
17337,Hukum dan Kriminal
17412,Hukum dan Kriminal
17426,Hukum dan Kriminal
17637,Hukum dan Kriminal
18456,Hukum dan Kriminal
18829,Hukum dan Kriminal
11,Politik
20,Politik
98,Politik
128,Politik
201,Politik
270,Politik
437,Politik
652,Politik
722,Politik
785,Politik
796,Politik
829,Politik
879,Politik
1099,Politik
1115,Politik
1121,Politik
1307,Politik
1315,Politik
1636,Bisnis dan Ekonomi
1841,Bisnis dan Ekonomi
1949,Politik
1966,Politik
2055,Politik
2124,Politik
2236,Politik
2442,Politik
2501,Politik
2533,Politik
2556,Politik
2604,Politik
2643,Politik
2713,Politik
2759,Politik
3061,Politik
3523,Politik
3538,Politik
3567,Politik
3606,Politik
3613,Hukum dan Kriminal
3618,Politik
3619,Politik
3662,Politik
3669,Politik
3680,Hukum dan Kriminal
3746,Politik
3758,Politik
3762,Politik
3767,Politik
3795,Politik
3821,Politik
3857,Politik
3930,Politik
3939,Politik
3989,Politik
3997,Politik
3998,Politik
4102,Politik
4170,Pendidikan
4210,Politik
4305,Politik
4324,Politik
4360,Politik
4412,Politik
4413,Politik
4431,Politik
4435,Kesehatan
4451,Politik
4696,Kesehatan
4760,Politik
4885,Politik
4904,Politik
4909,Politik
4995,Hukum dan Kriminal
5046,Politik
5053,Politik
5113,Politik
5121,Politik
5400,Politik
5426,Politik
5504,Politik
5572,Politik
5740,Politik
5941,Politik
6499,Politik
6500,Politik
6534,Politik
6637,Politik
6639,Politik
6838,Hukum dan Kriminal
6993,Politik
7317,Politik
7327,Hukum dan Kriminal
7334,Politik
7424,Politik
7546,Politik
7824,Politik
7827,Politik
8262,Politik
8421,Politik
8721,Politik
9015,Politik
9045,Politik
9132,Politik
9173,Politik
9200,Politik
9288,Politik
9487,Politik
9633,Politik
9652,Bencana dan Kecelakaan
9927,Politik
9951,Politik
9958,Politik
9998,Politik
10137,Politik
10164,Politik
10174,Politik
10209,Politik
10254,Politik
10286,Politik
10306,Politik
10346,Politik
10400,Politik
10428,Politik
10439,Politik
10546,Politik
10548,Politik
10550,Politik
10579,Politik
10685,Politik
10727,Politik
10731,Politik
10734,Politik
10735,Politik
10815,Politik
10870,Politik
11004,Olahraga
11066,Politik
11078,Politik
11080,Politik
11087,Politik
11156,Politik
11158,Politik
11226,Politik
11236,Politik
11238,Politik
11589,Politik
11607,Politik
11978,Politik
11993,Politik
12140,Politik
12147,Politik
12168,Politik
12211,Hukum dan Kriminal
12285,Politik
13071,Politik
13103,Politik
13126,Politik
13704,Politik
13942,Politik
14152,Politik
14384,Hukum dan Kriminal
15295,Politik
16002,Politik
16262,Politik
16273,Politik
16454,Politik
16647,Politik
16677,Politik
16694,Politik
16727,Politik
16728,Politik
16732,Politik
16740,Politik
16763,Politik
16961,Politik
16983,Politik
17256,Politik
6,Sosial Budaya
18,Sosial Budaya
66,Sosial Budaya
340,Sosial Budaya
1094,Sosial Budaya
1846,Sosial Budaya
2071,Sosial Budaya
2123,Sosial Budaya
3079,Sosial Budaya
3749,Sosial Budaya
3901,Sosial Budaya
4207,Sosial Budaya
4568,Sosial Budaya
4778,Sosial Budaya
5051,Sosial Budaya
5486,Sosial Budaya
6030,Sosial Budaya
6515,Sosial Budaya
6536,Sosial Budaya
6668,Sosial Budaya
6826,Sosial Budaya
6857,Sosial Budaya
7053,Sosial Budaya
7070,Hukum dan Kriminal
7319,Sosial Budaya
7683,Sosial Budaya
7776,Sosial Budaya
9046,Sosial Budaya
9137,Sosial Budaya
9169,Sosial Budaya
9269,Sosial Budaya
9281,Sosial Budaya
10042,Sosial Budaya
10216,Sosial Budaya
10855,Sosial Budaya
11073,Sosial Budaya
11358,Sosial Budaya
12822,Sosial Budaya
12832,Sosial Budaya
12946,Sosial Budaya
14458,Sosial Budaya
14969,Sosial Budaya
15213,Sosial Budaya
15703,Sosial Budaya
16023,Sosial Budaya
16276,Sosial Budaya
16624,Sosial Budaya
16745,Sosial Budaya
17536,Sosial Budaya
17561,Sosial Budaya
17565,Sosial Budaya
17923,Sosial Budaya
18012,Sosial Budaya
973,Kesehatan
977,Kesehatan
1776,Kesehatan
2408,Kesehatan
2951,Kesehatan
3180,Kesehatan
3943,Kesehatan
4383,Kesehatan
4434,Kesehatan
6420,Kesehatan
6799,Kesehatan
8481,Kesehatan
10089,Kesehatan
11273,Kesehatan
11276,Kesehatan
13350,Kesehatan
6404,Kesehatan
7157,Kesehatan
10755,Kesehatan
12060,Kesehatan
12351,Kesehatan
15427,Kesehatan
15668,Kesehatan
1070,Kesehatan
1110,Kesehatan
4447,Kesehatan
5650,Kesehatan
7062,Kesehatan
8386,Kesehatan
8427,Kesehatan
10724,Kesehatan
16351,Kesehatan
4444,Kesehatan
5745,Teknologi dan Sains
7271,Kesehatan
7736,Kesehatan
8477,Kesehatan
8727,Kesehatan
9432,Kesehatan
9640,Kesehatan
9864,Kesehatan
10160,Kesehatan
10181,Kesehatan
10873,Kesehatan
11044,Kesehatan
11717,Kesehatan
12770,Kesehatan
12944,Kesehatan
14110,Kesehatan
14754,Kesehatan
14803,Kesehatan
16645,Kesehatan
17532,Kesehatan
552,Hiburan
586,Hiburan
929,Hiburan
1515,Hiburan
1762,Hiburan
2702,Hiburan
2710,Hiburan
3981,Hiburan
5071,Hiburan
5272,Hiburan
5291,Hiburan
6360,Hiburan
6502,Hiburan
8063,Teknologi dan Sains
8352,Hiburan
10769,Hiburan
13183,Hiburan
15344,Hiburan
15715,Hiburan
15841,Hiburan
16263,Hiburan
